Nejčastější dotazy,Prokliky,Zobrazení,CTR,Pozice
northvale,12,19,63.16%,1.68
psa hodnocení karet cena,5,74,6.76%,6.57
lorcana winterspell booster box,2,5,40%,3
kolik stojí psa grading,1,32,3.12%,4.59
destined rivals booster bundle,1,32,3.12%,10.12
psa grading cena,1,21,4.76%,6.1
psa grading cz,1,13,7.69%,10.38
lorcana booster box,1,6,16.67%,1.67
pokemon,1,3,33.33%,8.33
riftbound unleashed booster,1,2,50%,7
pokémon eshop,1,2,50%,49.5
gardevoir booster box,1,1,100%,1
napis mi to česky,1,1,100%,1
sylveon gift box binder,1,1,100%,1
disney lorcana tcg: winterspell - booster box,1,1,100%,2
riftbound booster,1,1,100%,2
ceny?,1,1,100%,3
terastal gathering binder box,1,1,100%,3
rayquaza gift box,1,1,100%,4
mid autumn pokemon box,1,1,100%,6
pokemon eshopy,1,1,100%,27
pokémon go elite trainer box,1,1,100%,34
grading,0,30,0%,15.47
grading karet,0,21,0%,9.76
jb acrylics,0,19,0%,4.21
pokemon go etb,0,15,0%,8.87
pokemon store,0,15,0%,9.4
kolik stoji hodnocení pokemon karty,0,12,0%,8.67
jba akryl,0,10,0%,5.9
gem pack vol 2,0,9,0%,5.11
destined rivals bundle,0,8,0%,9.75
pokemon mid autumn festival gift box,0,7,0%,2.29
pokemon cards,0,7,0%,6.71
shimmering skies booster box,0,6,0%,8.17
jbacrylics,0,5,0%,4
grading karet psa,0,5,0%,10
psa pokemon karty,0,4,0%,3.25
booster bundle destined rivals,0,4,0%,9
etb,0,4,0%,25.25
ano,0,3,0%,3.67
jb akryl,0,3,0%,6.67
beckett karty,0,3,0%,7.67
gem pack vol. 2,0,3,0%,8
grading psa,0,3,0%,8.33
grading pokemon karet,0,3,0%,8.67
riftbound vendetta prerift kit,0,3,0%,9
psa hodnocení karet,0,3,0%,11
pokémon tcg: mega evolution - mega dream ex booster pack,0,3,0%,11.33
psa grading,0,3,0%,20.67
gem pack vol.2,0,2,0%,1
kolik to stojí?,0,2,0%,1
mid autumn festival gift box,0,2,0%,2
cena,0,2,0%,3
p-159 one piece,0,2,0%,3
mid autumn festival pokemon,0,2,0%,4
kolik to stojí,0,2,0%,4.5
pokemon shop,0,2,0%,4.5
vaporeon box,0,2,0%,5.5
pokémon tcg: mega evolution - mega dream ex booster pack (japonský),0,2,0%,7
bundle destined rivals,0,2,0%,7.5
gem pack vol. 3,0,2,0%,8
tcg shop,0,2,0%,9
destined rival booster bundle,0,2,0%,9.5
gem pack 2,0,2,0%,9.5
gem vol 3,0,2,0%,10
pokemon destined rivals booster bundle,0,2,0%,10
riftbound vendetta pre-rift kit,0,2,0%,12
mega dream ex,0,2,0%,22.5
pokemon etb,0,2,0%,23
jaká je cena,0,1,0%,1
jolteon box,0,1,0%,1
lorcana box,0,1,0%,1
lorcana wilds unknown booster,0,1,0%,1
mid-autumn festival gift box,0,1,0%,1
na české koruny,0,1,0%,1
název,0,1,0%,1
pokémon obchod,0,1,0%,1
a kolik to tak stojí?,0,1,0%,2
booster box lorcana winterspell,0,1,0%,2
disney lorcana: wilds unknown booster box,0,1,0%,2
je vzácný,0,1,0%,2
kde koupit pokemon karticky,0,1,0%,2
kolik stoji,0,1,0%,2
kolik stoji?,0,1,0%,2
kolik tohle stojí,0,1,0%,2
pokemon cards nearby,0,1,0%,2
pokemon obchody,0,1,0%,2
sběratelské karty pokémon,0,1,0%,2
special box pokémon center hiroshima,0,1,0%,2
vaporeon gift box,0,1,0%,2
winter spell booster box,0,1,0%,2
binder na toploadery,0,1,0%,3
cardstore,0,1,0%,3
jaky je rozdil v cene?,0,1,0%,3
kolik,0,1,0%,3
luffy promo,0,1,0%,3
luffy promo card,0,1,0%,3
monkey d luffy promo p-159,0,1,0%,3
one piece booster box,0,1,0%,3
pokemon chinese gem pack vol 3,0,1,0%,3
pokemon tcg eu,0,1,0%,3
prodej pokemonu,0,1,0%,3
prodeje,0,1,0%,3
psa 10,0,1,0%,3
psa pokémon karty,0,1,0%,3
vaporeon binder,0,1,0%,3
vyplatí se,0,1,0%,3
z česka,0,1,0%,3
destined bundle,0,1,0%,4
gem pack.vol 2,0,1,0%,4
how much does it cost,0,1,0%,4
pokémon charizard,0,1,0%,4
riftbound vendetta pre rift kit,0,1,0%,4
tcg card shop,0,1,0%,4
a psa 9,0,1,0%,5
cennik,0,1,0%,5
jo,0,1,0%,5
mid autumn pokemon,0,1,0%,5
p-159,0,1,0%,5
p159 luffy,0,1,0%,5
pokemon karticky kde koupit,0,1,0%,5
promo luffy card,0,1,0%,5
psa grading czech republic,0,1,0%,5
psa pokemon,0,1,0%,5
tcg shop valley,0,1,0%,5
tcg shops near me,0,1,0%,5
binder pokemon,0,1,0%,6
gem pack vol 3,0,1,0%,6
po go store,0,1,0%,6
pokemon carrs,0,1,0%,6
pokémon go etb,0,1,0%,6
psa pokémon,0,1,0%,6
weekly shonen jump luffy,0,1,0%,6
where to sell unopened pokemon cards,0,1,0%,6
card shop,0,1,0%,7
monkey d luffy promo,0,1,0%,7
album na toploadery,0,1,0%,8
etb pokémon go,0,1,0%,8
mega dream ex booster pack,0,1,0%,8
pokemon gem pack vol 2,0,1,0%,8
pokemon tcg gem pack vol 2,0,1,0%,8
psi grading,0,1,0%,8
riftbound unleashed booster pack,0,1,0%,8
tcgplayer eu,0,1,0%,8
pokemon 151 journey,0,1,0%,9
gem pack,0,1,0%,10
gem pack vol 2 booster,0,1,0%,10
luffy card promo,0,1,0%,10
pokemon vol 3 gem pack,0,1,0%,10
pokémon tcg: charizard ex super premium collection,0,1,0%,10
booster bundel destined rivals,0,1,0%,11
mega dream booster pack,0,1,0%,11
one piece op 16,0,1,0%,11
pokemon gem pack 2,0,1,0%,11
pokémon center tohoku special box,0,1,0%,11
vendetta prerelease,0,1,0%,11
destiny rivals booster bundle,0,1,0%,12
gradinf,0,1,0%,12
op 16 booster box,0,1,0%,12
pokemon box,0,1,0%,12
mega dream ex pack,0,1,0%,13
pokemon dream ex,0,1,0%,13
album na toploader,0,1,0%,14
pokemon mega dream ex,0,1,0%,14
wilds unknown trove,0,1,0%,15
ukaž mi to prosím,0,1,0%,17
akrylove boxy na pokemon,0,1,0%,19
one piece booster box op-16,0,1,0%,20
a tato,0,1,0%,21
mega dream ex booster box,0,1,0%,21
psa 10 ?,0,1,0%,23
pokémon mega dream,0,1,0%,24
v-grading,0,1,0%,26
pokemon trainer box,0,1,0%,36
destined rivals,0,1,0%,54