Datum,Prokliky,Zobrazení,CTR,Pozice
2026-09-01,6,59,10.17%,5.6
2026-09-02,4,69,5.8%,7.4
2026-09-03,5,74,6.76%,5
2026-09-04,3,88,3.41%,6.9
2026-09-05,1,80,1.25%,6.5
2026-09-06,1,79,1.27%,5.7
2026-09-07,6,70,8.57%,5.9
2026-09-08,7,70,10%,6.7
2026-09-09,4,62,6.45%,6.4
2026-09-10,2,77,2.6%,5.7
2026-09-11,3,59,5.08%,5.5
2026-09-12,3,60,5%,6.3
2026-09-13,4,62,6.45%,5.9
2026-09-14,4,75,5.33%,6.7
2026-09-15,6,77,7.79%,5.6
2026-09-16,3,100,3%,5.7
2026-09-17,2,83,2.41%,7.3
2026-09-18,4,69,5.8%,7
2026-09-19,2,66,3.03%,5.5
2026-09-20,5,77,6.49%,6.2
2026-09-21,4,90,4.44%,5.5
2026-09-22,3,99,3.03%,6.6
2026-09-23,7,106,6.6%,6.5
2026-09-24,10,108,9.26%,6.7
2026-09-25,5,96,5.21%,6.9
2026-09-26,6,101,5.94%,5.5
2026-09-27,9,121,7.44%,6.4
2026-09-28,6,125,4.8%,6.1