Nejvýznamnější stránky,Prokliky,Zobrazení,CTR,Pozice
https://northvaletcg.eu/blog/kolik-stoji-grading-karet-v-cr-psa-vs-beckett-ceny-a-postup/,59,1630,3.62%,5.85
https://northvaletcg.eu/,38,196,19.39%,5.8
https://northvaletcg.eu/sealed-detail/mid-autumn-festival-gift-box/,6,50,12%,2.86
https://northvaletcg.eu/about/,3,37,8.11%,3.57
https://northvaletcg.eu/sealed-detail/destined-rivals-booster-bundle/,2,72,2.78%,9.67
https://northvaletcg.eu/sealed-detail/pokemon-go-elite-trainer-box/,2,30,6.67%,17.73
https://northvaletcg.eu/sealed-detail/winterspell-booster-box/,2,15,13.33%,2.87
https://northvaletcg.eu/sealed-detail/unleashed-booster/,2,8,25%,9.38
https://northvaletcg.eu/sealed-detail/vaporeon-terastal-gathering-binder-box/,2,3,66.67%,2.33
https://northvaletcg.eu/sealed-detail/winterspell-illuminer-s-trove-box/,2,3,66.67%,4.33
https://northvaletcg.eu/sealed-detail/151-journey-booster-pack/,1,26,3.85%,7.73
https://northvaletcg.eu/sealed-detail/gem-pack-vol-3-booster-pack/,1,8,12.5%,8
https://northvaletcg.eu/sealed-detail/jolteon-advanced-gift-box/,1,5,20%,4.8
https://northvaletcg.eu/sealed-detail/etb-mega-evolution-gardevoir/,1,4,25%,2.5
https://northvaletcg.eu/sealed-detail/sylveon-terastal-gathering-binder-box/,1,1,100%,1
https://northvaletcg.eu/sealed-detail/return-of-the-dragon-rayquaza-advanced-gift-box/,1,1,100%,4
https://northvaletcg.eu/sealed-detail/booster-bundle-display-v-2-akrylovy-box/,1,1,100%,19
https://northvaletcg.eu/blog/kolik-stoji-grading-karet-v-cr-psa-vs-beckett-ceny-a-postup/#cena-gradingu-kolik-zaplatite-z-ceske-republiky,0,60,0%,5.8
https://northvaletcg.eu/blog/kolik-stoji-grading-karet-v-cr-psa-vs-beckett-ceny-a-postup/#co-je-to-grading-karet-a-jak-probiha-hodnoceni,0,60,0%,5.8
https://northvaletcg.eu/blog/kolik-stoji-grading-karet-v-cr-psa-vs-beckett-ceny-a-postup/#srovnani-hlavnich-gradingovych-spolecnosti,0,60,0%,5.8
https://northvaletcg.eu/sealed-detail/akryl-booster-box-pokemon/,0,54,0%,6.33
https://northvaletcg.eu/sealed-detail/mega-dream-ex-booster-pack/,0,45,0%,8.71
https://northvaletcg.eu/sealed-detail/gem-pack-vol-2-booster-box/,0,20,0%,5.8
https://northvaletcg.eu/faq/,0,19,0%,3.47
https://northvaletcg.eu/blog/vybava-sberatele-pokemon-karet/,0,14,0%,6
https://northvaletcg.eu/sealed-detail/monkey-d-luffy-p-159-shonen-jump-promo/,0,12,0%,4.33
https://northvaletcg.eu/sealed-detail/monkey-d-luffy-p-159-shonen-jump-promo,0,12,0%,5.75
https://northvaletcg.eu/sealed-detail/shimmering-skies-booster-box/,0,11,0%,6.45
https://northvaletcg.eu/sealed-detail/vendetta-pre-rift-kit/,0,11,0%,10.18
https://northvaletcg.eu/sealed-detail/base-shop-limited-collection-vol-1/,0,10,0%,1.8
https://northvaletcg.eu/sealed-detail/gem-pack-vol-2-booster-pack/,0,9,0%,9.56
https://northvaletcg.eu/sealed-detail/1024-pocket-black/,0,8,0%,7
https://northvaletcg.eu/sealed-detail/just-sleeves-100ks/,0,8,0%,7.88
https://northvaletcg.eu/sealed-detail/360-pocket-white/,0,8,0%,8.12
https://northvaletcg.eu/sealed-detail/op-16-the-time-of-battle-booster-box/,0,8,0%,11.62
https://northvaletcg.eu/sealed-catalog/,0,7,0%,3.71
https://northvaletcg.eu/sealed-detail/1024-pocket-red/,0,6,0%,3.33
https://northvaletcg.eu/sealed-detail/gem-pack-vol-4-booster-pack/,0,6,0%,5.17
https://northvaletcg.eu/sealed-detail/vaporeon-advanced-gift-box/,0,5,0%,3
https://northvaletcg.eu/sealed-detail/akryl-booster-box-pokemon,0,4,0%,3.25
https://northvaletcg.eu/sealed-detail/sleeved-binder-360-pocket-3x3-grey/,0,4,0%,5.5
https://northvaletcg.eu/sealed-detail/charizard-ex-super-premium-collection/,0,4,0%,6.75
https://northvaletcg.eu/sealed-detail/1024-pocket-white/,0,4,0%,7.25
https://northvaletcg.eu/sealed-detail/216-pocket-toploader-grey/,0,3,0%,4.33
https://northvaletcg.eu/sealed-detail/into-the-inklands-booster-box/,0,3,0%,7.67
https://northvaletcg.eu/sealed-detail/sleeved-360-pocket-3x3-black/,0,3,0%,14.67
https://northvaletcg.eu/sealed-detail/destined-rivals-booster-bundle,0,3,0%,33.33
https://northvaletcg.eu/sealed-detail/lorcana-rise-floodborn-booster,0,2,0%,1
https://northvaletcg.eu/sealed-detail/op-07-booster-pack,0,2,0%,2
https://northvaletcg.eu/sealed-detail/wilds-unknown-illuminer-s-trove-box/,0,2,0%,2
https://northvaletcg.eu/sealed-detail/ursula-s-return-booster-box/,0,2,0%,2.5
https://northvaletcg.eu/sealed-detail/480-pocket-red/,0,2,0%,5.5
https://northvaletcg.eu/sealed-detail/tohoku-pokemon-center-box/,0,2,0%,6
https://northvaletcg.eu/sealed-detail/360-pocket-red/,0,2,0%,7
https://northvaletcg.eu/sealed-detail/480-pocket-black/,0,2,0%,7.5
https://northvaletcg.eu/sealed-detail/case-trove-box-wilds-unknown/,0,2,0%,9
https://northvaletcg.eu/blog/kolik-stoji-golf-karet-v-cr-psa-vs-beckett-ceny-a-postup/,0,1,0%,1
https://northvaletcg.eu/blog/kolik-stoji-grading-karet-v-cr-psa-vs-beckett-ceny-up/,0,1,0%,1
https://northvaletcg.eu/blog/kolik-stoji-karet-v-cr-psa-vs-beckett-ceny-a-postup/,0,1,0%,1
https://northvaletcg.eu/blog/kolik-stoji-priprava-psa-vs-beckett-ceny-a-postup/,0,1,0%,1
https://northvaletcg.eu/sealed-detail/wilds-unknown-booster-pack/,0,1,0%,1
https://northvaletcg.eu/sealed-detail/hiroshima-pokemon-center-box/,0,1,0%,2
https://northvaletcg.eu/sealed-detail/pokemon-charizard-upc-akrylovy-box/,0,1,0%,2
https://northvaletcg.eu/grading-guide/,0,1,0%,3
https://northvaletcg.eu/sealed-detail/216-pocket-toploader-hazel/,0,1,0%,3
https://northvaletcg.eu/sealed-detail/360-pocket-red,0,1,0%,3
https://northvaletcg.eu/sealed-detail/abyss-eye-booster-box/,0,1,0%,3
https://northvaletcg.eu/sealed-detail/gem-pack-vol-3-booster-box/,0,1,0%,3
https://northvaletcg.eu/community/,0,1,0%,5
https://northvaletcg.eu/sealed-detail/op-16/,0,1,0%,6
https://northvaletcg.eu/sealed-detail/24-slots-psa-bgs-cerveny/,0,1,0%,7
https://northvaletcg.eu/sealed-detail/216-pocket-toploader-green/,0,1,0%,8
https://northvaletcg.eu/sealed-detail/24-slots-psa-bgs-cerveny,0,1,0%,9
https://northvaletcg.eu/sealed-detail/24-slots-psa-bgs-sedy/,0,1,0%,14