Země,Prokliky,Zobrazení,CTR,Pozice
Česko,118,2102,5.61%,6.25
Slovensko,2,80,2.5%,6.56
Polsko,2,4,50%,2.5
Německo,1,14,7.14%,6.07
Spojené království,1,13,7.69%,6.46
Švédsko,1,4,25%,6.75
USA,0,45,0%,4.93
Rakousko,0,9,0%,10.44
Nizozemsko,0,6,0%,4.5
Itálie,0,5,0%,4.2
Kanada,0,3,0%,1.67
Indonésie,0,2,0%,4
Švýcarsko,0,2,0%,5
Francie,0,2,0%,5
Japonsko,0,2,0%,5
Kapverdy,0,1,0%,1
Albánie,0,1,0%,3
Dánsko,0,1,0%,3
Spojené arabské emiráty,0,1,0%,4
Brazílie,0,1,0%,4
Uganda,0,1,0%,4
Čína,0,1,0%,8
Bulharsko,0,1,0%,10
Egypt,0,1,0%,10